,A,B,C,D
2000-01-01,-1.6858488762589812,-1.14919425114306,-0.17531401573031996,-0.6639405828434087
2000-01-02,-3.141066171250193,-1.5023267654203185,2.1550381260500173,-1.0941812090384087
2000-01-03,-2.4090100844489974,-3.0127074514991605,2.8531676617602564,-2.1947431152811783
2000-01-04,-3.1684171143698663,-3.1298560186027222,2.529939674522087,-1.9770956354600233
2000-01-05,-3.4507084508889103,-3.2337834139292485,2.0144351344825493,-2.3080703170946575
2000-01-06,-4.6293563556631625,-2.0169380282938567,2.892435320942598,-2.7947145745099298
2000-01-07,-6.092231596077347,-1.608980700248782,1.1168144608114272,-2.319110507144415
2000-01-08,-8.054535979641024,-1.2968678915329923,-0.4552066420286678,-0.4888626926856865
2000-01-09,-8.624709338184754,-2.1201473661033905,-0.0069602757924359104,1.11616874841127
2000-01-10,-7.875178874489183,-3.7648267065844374,-1.7673095623082462,0.7669430354633329
2000-01-11,-10.484699638807795,-1.0439752045756272,-1.400455155949907,2.207347232407054
2000-01-12,-10.088797254613896,-2.43385208431879,-1.3552755926701248,2.2288465747860706
2000-01-13,-11.664219910693081,-0.7903200259697309,-2.780001680969331,1.9847363178570585
2000-01-14,-12.39204455053611,-0.809072221645416,-3.6421065879612047,2.136151979565342
2000-01-15,-12.660725936359032,-0.5756344260802262,-2.882588375030942,2.1530661204512733
2000-01-16,-13.333143711614575,-1.1416803880111137,-3.6983868985399195,1.1125408777672152
2000-01-17,-13.333047620113971,-2.855609118572485,-3.404230235219856,0.6032780328591202
2000-01-18,-13.19653912644389,-2.9672565643629936,-6.383898648930117,1.243421880157578
2000-01-19,-13.656799025697335,-0.5627835015260647,-6.966260764855459,0.8148580377441514
2000-01-20,-13.546233208389499,-2.99552875707118,-5.877355383702411,-1.1305258713415924
2000-01-21,-12.47638551552184,-4.7357348762940354,-7.5683215124356416,-1.3148294704296288
2000-01-22,-12.500987900703286,-4.3536712568122535,-6.974777345664413,-1.9184772095067295
2000-01-23,-14.301972561498983,-4.984683395879143,-7.503366119375153,-2.235136866947733
2000-01-24,-14.178812693598493,-3.4550808709690584,-6.420208900212893,-2.4852084208582896
2000-01-25,-14.22757746313958,-2.8801474913433713,-6.443000903100212,-2.7128949505251856
2000-01-26,-13.95759427429162,-3.328701390898595,-6.6539151363717055,-2.0033559897286937
2000-01-27,-13.244454065106838,-3.913613985944888,-6.344311459233938,-2.719602606285556
2000-01-28,-13.176711299975118,-3.1707114743045746,-7.257360929027998,-2.158292908170107
2000-01-29,-14.584321929632242,-3.4070201533427276,-7.0424885505629735,-2.326661118115712
2000-01-30,-15.099748474528036,-4.385054903862949,-6.33391415006664,-3.4753795805403804
2000-01-31,-15.019909379332843,-2.899375236508642,-7.365906331938128,-3.757123825433673
2000-02-01,-13.783124030280181,-2.9409370224900133,-6.311374368957137,-3.5816365968952533
2000-02-02,-13.458686905616215,-4.018211113671932,-4.7277756928844745,-4.841308030262336
2000-02-03,-11.614877019202618,-4.874487786846886,-5.368202249222813,-4.3687845290733085
2000-02-04,-11.032918326285495,-4.812382325572507,-6.831230398754432,-5.64097774440118
2000-02-05,-13.053034054579497,-4.749316266576976,-6.3089675044766045,-6.075206938965695
2000-02-06,-12.961393272512613,-6.313733583740619,-6.32705967965239,-5.941916853864088
2000-02-07,-14.880142422978619,-5.84594697196504,-6.315594801158984,-7.472480099751975
2000-02-08,-14.268830734482469,-5.367239349376299,-7.5465782192619955,-7.2194443702132345
2000-02-09,-12.337889203131471,-4.954498619569793,-5.87283784940319,-7.061684014790574
2000-02-10,-11.571596202438345,-4.555230506746296,-5.196937259226447,-6.86083767401629
2000-02-11,-11.67451211411374,-5.049502405323192,-5.190524323664369,-5.568704528268036
2000-02-12,-13.866955563963204,-5.982902655639055,-4.171836883847444,-4.7880574264232525
2000-02-13,-14.171250842704497,-6.73643613649856,-3.4111259554659608,-3.4666165675833023
2000-02-14,-11.889089571659792,-10.75949755547868,-3.0908399933526423,-3.1121793518492997
2000-02-15,-11.053989191292413,-11.101742117811053,-2.91371529466877,-5.0257640006423125
2000-02-16,-11.453392482712674,-10.602740833364441,-3.099878349368312,-3.4997794289846293
2000-02-17,-11.06668412809066,-9.087751403328829,-1.788811467974881,-2.18493194223429
2000-02-18,-9.31046085860492,-9.884602161759933,-0.9418727376903087,-1.4292847869259688
2000-02-19,-8.103388029304838,-7.183398936602951,-0.40715885793720574,-0.9955096344856194
2000-02-20,-7.756245308077392,-7.655686909414944,0.7222472654025224,-1.3564189440909458
2000-02-21,-7.741255451583168,-7.218176986973742,1.3495711572859155,-0.6217220668638759
2000-02-22,-7.517908252730356,-8.889223625575772,0.9499900512962336,2.0102584913193042
2000-02-23,-7.166937600727098,-7.36897122753312,1.1702324871675032,2.41168530840598
2000-02-24,-6.880611043969003,-6.093070633040048,1.323771970342595,2.704757015705814
2000-02-25,-6.900977245154929,-5.6382712959841585,2.471880690213501,3.2164964334116304
2000-02-26,-9.05302357614206,-4.823801499049441,2.299573235662257,1.9301811591501292
2000-02-27,-8.928943468597467,-3.8440972487183442,0.9788206710682266,3.115906315089899
2000-02-28,-9.670271328563851,-4.903063099189036,0.6999317889282951,4.270691040777876
2000-02-29,-9.979358341158532,-4.621732496645331,0.6065070759938682,4.938348442474404
2000-03-01,-12.23151815464824,-5.049614479181661,-0.7290400707618021,5.58791214183228
2000-03-02,-12.773586157179109,-4.619310148622368,0.03511331282923824,4.82907255032929
2000-03-03,-12.983652548811948,-5.750060137698697,0.6178150386903764,3.874404826297445
2000-03-04,-12.831508821583016,-5.41331407419768,0.20326984364963152,2.3808495409807997
2000-03-05,-13.506601378248618,-6.456835439826917,-0.8051040978826073,2.6713825674849474
2000-03-06,-14.74671196959733,-6.845747481515417,-0.07823558026757693,3.7462470277843334
2000-03-07,-14.902011983596976,-7.63164359348499,-0.11046259341455149,5.041425063949486
2000-03-08,-15.298213984041595,-7.117385758726891,0.5911015979633177,4.207945326788369
2000-03-09,-16.032623049009807,-6.970798694584248,-0.09698558646484434,5.585821578475823
2000-03-10,-15.144128837182,-8.344877626427976,0.21058571264984266,6.040291601706844
2000-03-11,-14.624408687209776,-8.977100789223321,-1.069852604896348,6.19933151813682
2000-03-12,-15.769888246388199,-10.992692372641216,-0.6099064205181122,7.406843958464492
2000-03-13,-15.269664499078722,-12.114449495868426,-0.9453368680378698,6.648525009234354
2000-03-14,-12.996626742856218,-13.35519084677178,-1.9306943500177307,5.786685721354721
2000-03-15,-13.847534477839352,-13.987238088935417,-2.5924359326544795,5.16490390676557
2000-03-16,-12.043304113279504,-12.111507326427478,-1.7713772757556885,3.9730847498968176
2000-03-17,-12.07741742064524,-12.829250798526527,-0.7834904223816823,2.6906167320391114
2000-03-18,-11.2651291347151,-13.139581463300306,-0.46252831931586313,3.097977606114839
2000-03-19,-10.706003459062174,-13.391654860034864,-1.8989539233298018,3.4106289689231293
2000-03-20,-10.471386869765988,-11.983431106713635,-1.939814817981739,3.5740431600070774
2000-03-21,-9.91331480437869,-10.861645244011621,-3.260243042630621,4.016013864017278
2000-03-22,-9.829970233756857,-10.429723455980605,-4.767857965022935,2.294751389878317
2000-03-23,-9.635642375062064,-12.709399683842783,-4.213921430328055,4.127073944884403
2000-03-24,-8.51162209146184,-13.54462732552614,-3.3713980233343532,4.1238346691913685
2000-03-25,-7.184235845852437,-14.41626270791216,-3.4920974854284514,2.7902882407573486
2000-03-26,-6.1150086169206945,-13.955011296287815,-4.18316869849839,3.7603052934054655
2000-03-27,-4.384734361431075,-14.399386354260866,-2.2532672964210905,1.6556074028346512
2000-03-28,-5.183922730228768,-12.623846525420408,-2.4844053193402047,1.0292884909216462
2000-03-29,-4.052027433037225,-12.771362461076194,-3.5897790250088013,1.4328558489956116
2000-03-30,-3.7779622879862176,-11.84945890288074,-2.576453231100823,1.5014623460969445
2000-03-31,-2.050420874307455,-13.40764900216356,-2.662932486846651,1.448745822345764
2000-04-01,-1.6141382324156486,-14.071609331161111,-3.7975628747286674,2.3662100488066233
2000-04-02,-1.2152381266141807,-13.881479177857392,-3.5087963113824765,2.6457844447929153
2000-04-03,-0.9209622862053399,-14.323498730558157,-2.6641152829707484,3.109316427187159
2000-04-04,-1.5282100137208967,-12.990896685553276,-3.922846808080181,3.0724911189855777
2000-04-05,-1.2790809853975735,-13.370597201939812,-5.317931456116469,1.9758140623245686
2000-04-06,-1.5747462421028502,-11.78343371073372,-4.761856365502361,3.622731602591879
2000-04-07,-4.76816135744592,-12.2968193288013,-2.824260070318317,4.726838409013388
2000-04-08,-3.5085937573547294,-12.410471987164856,-2.4580623417840592,5.813476116723697
2000-04-09,-3.902107496901919,-11.661732132858338,-3.020123619021532,6.552603356335006
2000-04-10,-3.9738605247575953,-11.210756200996386,-4.03031614574622,6.5544806607624135
2000-04-11,-6.481197464389753,-11.104460665514905,-2.45193668343362,8.33532484960047
2000-04-12,-6.43715806503149,-10.898138604546055,-4.166459237665585,7.771409310103701
2000-04-13,-6.738087018597076,-12.572879632237532,-3.733838761142505,8.553896352411163
2000-04-14,-7.112719968407306,-12.425721955246013,-4.417052127979325,11.70233665194435
2000-04-15,-7.314309975402754,-11.08147645564858,-4.916953348971994,12.474161340102022
2000-04-16,-7.613209634220379,-12.51449348569809,-4.9147135983935994,12.91874018355763
2000-04-17,-6.7477423499909115,-13.63515258826839,-6.03325440995607,12.601082608039416
2000-04-18,-6.650552728529001,-12.78293062567639,-6.566230796536418,12.667809054081697
2000-04-19,-7.497815665515397,-11.012739250020982,-6.922196595989649,11.245256587524452
2000-04-20,-8.418853171723192,-11.950899916711816,-6.112130390623824,12.15989517618454
2000-04-21,-8.034085243077774,-11.94562397767087,-5.844112927610133,12.294159746328589
2000-04-22,-6.858128593377408,-11.062642487085935,-6.430271744275592,13.442855094307774
2000-04-23,-5.054823376234561,-10.525346519796532,-7.041578678049165,13.21590319226623
2000-04-24,-5.8928112669880495,-10.56028843243731,-6.143286941558651,13.914478374127933
2000-04-25,-6.0321967246110635,-10.982095891785141,-6.177438167247288,13.4173150267344
2000-04-26,-5.8599670546080045,-11.080704743426105,-4.708059783194818,14.597504266279515
2000-04-27,-4.314971615229633,-10.649433807197811,-5.3443624999612585,15.783051793756004
2000-04-28,-3.4682192063339787,-10.850369903779256,-4.051760937115427,15.25690440186719
2000-04-29,-2.2595251050041805,-11.827380625970909,-3.4766626713629796,14.854358640867819
2000-04-30,-2.5218315689533934,-10.415010895136785,-3.8559971040606427,15.805804128573754
2000-05-01,-2.61919809937675,-10.495448867060762,-4.120508005927274,14.685736254913586
2000-05-02,-1.4175879726307683,-9.982040107751944,-3.361691569931257,16.17670470199205
2000-05-03,-2.0147877112529664,-10.551887261979743,-2.5161089831244636,16.387734382044577
2000-05-04,-5.069601502503522,-11.252991636812558,-2.0568327059537364,15.549824613769012
2000-05-05,-4.5044727428309015,-10.940938651600545,-2.949591338508627,15.395979896821023
2000-05-06,-5.72293448302308,-12.025490038375688,-1.7156041613960273,15.249408164231491
2000-05-07,-5.474758405603507,-11.098240475149472,-2.071180986647548,14.883114748397833
2000-05-08,-6.304032938873247,-11.211937748135682,-3.5681668520807834,15.341681710699449
2000-05-09,-6.227193635802584,-9.680599841000475,-4.144633780099309,15.361927763698779
2000-05-10,-4.998960239536499,-11.462685057428692,-5.519217350143336,14.874424080266023
2000-05-11,-3.5565986079295975,-11.92113372074612,-4.7652003323017995,15.2091074249753
2000-05-12,-4.319596888641373,-12.51631980346344,-5.757827321760933,16.057600444913195
2000-05-13,-5.293403365782963,-12.384076825887105,-5.273871772399551,18.63590459970135
2000-05-14,-4.998810846779553,-13.404193845297982,-4.457067197896424,18.478162588469168
2000-05-15,-3.28217931297164,-14.66185907722314,-4.425979534696321,18.155066664015422
2000-05-16,-3.6260397238094924,-13.863766247005064,-4.732052419075744,18.960088588277802
2000-05-17,-5.492414828515157,-11.223238829524746,-2.371978200612047,20.014968669677973
2000-05-18,-4.861165963621164,-9.525863487727651,-1.2197429947170375,21.639299113470212
2000-05-19,-6.060983801714276,-9.329002579754818,-1.010169138278737,20.34369097378538
2000-05-20,-3.3237712312021035,-8.933775991639008,-2.527990471783765,19.751472826512256
2000-05-21,-3.6984477561504923,-9.274021773494104,-2.7117694445362845,18.675134093625328
2000-05-22,-4.289580095036806,-10.451122655711309,-2.0016203580723007,17.11073957924809
2000-05-23,-2.7277031806153156,-10.01710942960644,-1.1998508247003479,17.514389292897
2000-05-24,-2.2498708597781123,-10.746335844586838,-2.3068303111147657,17.667218335525536
2000-05-25,-0.6101111164815456,-10.622479937123833,-1.9867177469040032,18.464093596896728
2000-05-26,0.3059865145282322,-11.595343680363163,-1.9572743297913215,18.44539217666547
2000-05-27,-0.9200915342559955,-12.945908061410769,-2.2839838425673764,17.26848539544767
2000-05-28,0.13974920984107542,-13.461696242786894,-1.4538289918830039,16.272435141109472
2000-05-29,0.6108540530760109,-15.180143220766057,-1.344591946244549,16.14981300075219
2000-05-30,-0.03962777915076321,-15.22867939282736,-1.1033867145453178,15.68690835090848
2000-05-31,1.1725108332095973,-14.795896027629517,-0.5736263978483939,14.959805298688805
2000-06-01,1.1763279991751103,-14.833215350266425,-0.03312537647746994,15.069385326789204
2000-06-02,2.2287463641919976,-13.28663142143369,1.4695989408424526,14.539856574207882
2000-06-03,5.257503320221373,-12.26336823565907,1.1130768555438397,16.529785438795848
2000-06-04,3.835243238634729,-12.29773347666107,1.4219217354024043,16.623838956051497
2000-06-05,4.9721089080549765,-13.028110440671368,2.7060386509530017,16.49023267531064
2000-06-06,3.70191423007069,-13.008077641470445,2.3544589891553116,17.90911471030595
2000-06-07,3.580396042910915,-13.6077638752262,2.4989906187775612,17.16366850818364
2000-06-08,3.229927761338322,-12.973433082521552,2.6016270400482706,18.078784276883013
2000-06-09,2.607416099001705,-13.122131078555338,2.4594330375459164,18.292619450323215
2000-06-10,2.620766488872144,-12.681881312131615,2.4644323678622895,19.013082780380987
2000-06-11,1.2013571147596231,-12.945225569689654,0.45352873249079373,20.329007423570054
2000-06-12,2.4384139782185397,-11.972865182532166,0.9751951601396863,18.483001999206667
2000-06-13,2.2223930908345637,-11.461672421925769,1.6144087210495142,18.130172281022784
2000-06-14,2.1242453612640615,-9.797657276340804,-0.7420796637037428,17.562407240439786
2000-06-15,1.9556068284756143,-10.898420391555348,-1.896178679403556,16.99517975598416
2000-06-16,3.2559643996280334,-10.019175813157212,-1.4889790672457892,17.186511055090918
2000-06-17,3.12018466748809,-11.282828682634843,-1.6235161274303473,18.29624253720783
2000-06-18,1.9408155626558823,-10.134351819053649,0.16424115170627052,19.577457305622545
2000-06-19,1.9184679882428897,-10.8812213726058,0.35519561373208264,19.592090609970125
2000-06-20,0.8073264844371886,-11.891695848757728,1.611810681291504,20.08800841033718
2000-06-21,-0.5052062451697441,-12.233272479773644,0.650270984319947,21.160985569256194
2000-06-22,0.8689268539394952,-12.486053920661163,1.0853430508110886,19.489970064956378
2000-06-23,0.6351970547225755,-11.937652526421926,1.9346314552507364,17.331672783763228
2000-06-24,2.0537150254216225,-14.294106256559044,1.9718278089224912,17.19188180138787
2000-06-25,-0.551229803290517,-14.767450509862462,1.1830244558583192,17.306690699651096
2000-06-26,-1.663792956554751,-13.169861026787176,4.378371897429301,17.31704929447136
2000-06-27,-2.557604267587731,-12.809619436725,3.8955651459672747,17.659631994395
2000-06-28,-1.6486287295418331,-14.176290513326396,3.3283304158474882,17.96275676874143
2000-06-29,-1.1694243801205202,-15.146208785876224,1.7078179930641204,17.020595767979184
2000-06-30,-0.20281356454211297,-15.684917324905275,0.09236089477287335,18.32843143690112
2000-07-01,-0.5067932187766149,-15.164795776987445,-1.709020331730903,17.682103825259816
2000-07-02,1.0708283598210602,-16.035976764858265,-0.24962693437591388,16.566987409717445
2000-07-03,2.43220318626355,-14.298070213669552,-1.2183803011802572,16.111272413934028
2000-07-04,5.109916746247212,-14.492751951869353,-0.7585507794259905,15.757041318746383
2000-07-05,5.086971426944572,-14.96087631105963,-0.16736820317309598,15.440123762694569
2000-07-06,4.4204104408340035,-14.880738869229305,0.1735853315919964,14.098080387239248
2000-07-07,3.8343362189507646,-13.699348838303738,1.607157128747629,15.59222618109738
2000-07-08,4.491942407652007,-13.45307008899187,0.49263300769654217,15.646048425562272
2000-07-09,5.082883336739614,-12.335345130890536,0.16164535355289034,17.187395582277528
2000-07-10,5.162525784957584,-11.36891824432674,1.0919099717182394,16.8551852345804
2000-07-11,5.655447992904797,-10.70508664502415,2.785495117804348,17.662746939415207
2000-07-12,5.740021068990558,-10.596163896061773,2.963590654303256,19.04853104250363
2000-07-13,6.560676720078243,-10.005090906623671,3.0255653278229544,19.847267380589226
2000-07-14,6.167133661326136,-11.37865012729001,3.5171457774104242,21.424782062229074
2000-07-15,7.106982311793816,-11.356662558991435,3.7969100377328053,23.385801127183765
2000-07-16,8.459550216055264,-11.567899808995522,3.0405791952917487,24.048682952630728
2000-07-17,8.327329511373685,-11.128139208332957,2.3551952195490333,25.120444495332947
2000-07-18,7.762066921712815,-10.719638616186307,2.9419794229469676,24.563288775788546
2000-07-19,9.178375317511458,-10.539345364659098,4.870183158188176,25.55417053465058
2000-07-20,9.880015558085685,-7.8520993659256035,3.722918936530393,24.753681134857292
2000-07-21,9.579419182788701,-9.222435640662455,4.028658515303062,24.252676375790735
2000-07-22,10.091983782629647,-9.136607391333504,2.687033906505299,24.39141240001891
2000-07-23,10.605947285892375,-8.829846027395096,3.426996190111098,26.814009877827203
2000-07-24,10.387000508274308,-9.086091388991525,5.112016069101686,25.90483677773057
2000-07-25,11.135903790834105,-9.151513328619986,4.927867455333022,27.73258466687375
2000-07-26,13.32927516033164,-10.043951630946385,5.068239959021761,26.5299516350025
2000-07-27,13.44763601730648,-11.51835295491438,4.82997777867508,26.075939308407182
2000-07-28,14.92676235059487,-8.169618322526983,5.948646660171691,25.55033979984336
2000-07-29,14.595166935668866,-8.584027629925798,5.788906528540884,24.869764680447997
2000-07-30,14.291927782716495,-9.715077834879787,4.291727803596785,25.241471940305345
2000-07-31,14.02556013387961,-7.992144169189597,3.788896432639185,26.25912274776104
2000-08-01,14.434739715805641,-7.913867958664363,4.485552238092769,26.734537876837237
2000-08-02,15.449400994736218,-9.111539340808484,5.080813619858987,26.938441359973226
2000-08-03,15.360021152199636,-7.993254718223234,3.3686852871997983,26.962767085814285
2000-08-04,16.19222189429785,-9.506904531666441,4.747500337912622,27.14189963730149
2000-08-05,16.176900874979797,-8.37503190003347,6.533241788350751,26.57459045917317
2000-08-06,17.04013749485449,-7.340170726101135,7.017046055628455,25.98460484075307
2000-08-07,16.78621075465858,-7.983201561017502,9.326325162497577,26.332699369509214
2000-08-08,15.86089465405416,-6.7759824471418355,7.1778620864356135,26.988403386018323
2000-08-09,14.878058707717939,-5.951200272029128,6.028219362449755,26.617500298955544
2000-08-10,12.50936815509734,-6.138289617828122,6.132800667884904,27.258123975692655
2000-08-11,12.4247788805252,-6.006040954477169,5.762667461013079,27.918799207822424
2000-08-12,11.64554167839693,-6.455804366233836,8.115262964074407,28.884893406913804
2000-08-13,10.009301094369919,-5.851467124237786,8.680329164395426,30.47956048324987
2000-08-14,10.030307400125494,-4.633841629034127,8.308659212205336,32.19510580018659
2000-08-15,10.137337226930045,-5.347475676371379,8.097451425500862,31.49633772032704
2000-08-16,8.468767355032547,-5.597098689776072,7.165834453678534,31.71419361534031
2000-08-17,7.420963723219283,-4.029968110640861,6.507672788824392,31.30984620187735
2000-08-18,6.353166934508906,-4.595676362773946,7.531698334154418,30.305895942364916
2000-08-19,6.613516694409116,-5.374381476943072,6.462368329533707,30.71903678679655
2000-08-20,7.125343798001694,-7.125266046302993,6.160039595320207,28.520154134496742
2000-08-21,8.321064907826328,-6.327148011182773,5.3231668330403,27.808780706790852
2000-08-22,8.69516155384073,-7.486354842478859,3.6230031773710323,27.53581643830806
2000-08-23,9.949381850358666,-10.043091429161594,4.000323083443616,27.55640571764604
2000-08-24,10.84061763588884,-9.532650832314706,2.657844840720366,28.63419125839595
2000-08-25,10.703550659858488,-9.595995279653792,1.927904281602502,29.634928780313672
2000-08-26,10.185558178302093,-9.768823394972152,2.009234906864023,30.752906289861716
2000-08-27,10.7613428921121,-9.347536931388271,4.049335677446949,29.43938379791986
2000-08-28,11.579194818139058,-9.810451233521961,3.9182452786256334,28.46758824186157
2000-08-29,9.77001262080517,-9.334382737109847,3.540116243104861,28.450011367714783
2000-08-30,9.944107896740059,-9.415943017357367,3.1502422293227426,29.234175413121896
2000-08-31,10.408484897656955,-9.757177556291623,1.1615549592350884,28.66287670098228
2000-09-01,10.053802392175342,-9.273234616688093,1.0708546624456345,27.98191006384788
2000-09-02,11.004728257074246,-10.713018004316181,0.9471580765495626,29.283936504972743
2000-09-03,13.122727852400002,-11.262389626675027,0.6858498063142797,28.98187593677814
2000-09-04,12.11691125331863,-11.083212631528522,0.19289420007179053,29.602713689660376
2000-09-05,11.103948525101297,-10.204871692536233,-0.6604861974224832,29.408339409214776
2000-09-06,9.725423110965325,-10.004389462760637,-1.6729662197709467,27.398517832731404
2000-09-07,11.529034031684667,-9.45673146546633,0.45042068884139597,29.26572879348191
2000-09-08,12.639127987316607,-7.5864951538420105,-0.3532962626568883,29.370749557801616
2000-09-09,12.613336274961403,-8.339653835797508,0.19023377992509882,30.75126121686223
2000-09-10,14.56045880694765,-9.144418247193029,2.1146137067057555,31.222853661603665
2000-09-11,14.773733074100354,-9.274290513388777,2.7505817997610356,31.18446704812037
2000-09-12,15.442897138447353,-9.860783014877718,3.291684116603079,32.34651825985858
2000-09-13,16.05218271483992,-8.373804195837403,4.1223708675540065,32.044077721775174
2000-09-14,16.382684148439353,-8.239336368901123,4.202960836570254,32.89081585653669
2000-09-15,15.75987001869654,-6.742788010599791,5.132921998199709,32.87000505828687
2000-09-16,16.20102105118972,-4.964948530034467,6.3823365609742,32.580925476261285
2000-09-17,15.534412726467076,-4.913219253151873,6.195662725107121,33.10329168343901
2000-09-18,15.684132626253616,-3.5787404873156126,6.83663095891325,31.69056376267113
2000-09-19,17.528242078688614,-3.9800210169930264,7.864089708693278,29.959637356505645
2000-09-20,19.212550222605923,-4.033601628878932,6.367614896580175,28.86058550093996
2000-09-21,20.681539120053827,-2.5441372909245974,6.975098259742705,28.285751673957872
2000-09-22,19.85865546537446,-2.3964691763699375,5.070774172863614,29.442336375950493
2000-09-23,19.71188588223963,-1.1438217938419288,5.646216620151554,29.584660627479476
2000-09-24,19.96690134789396,-1.7493074069923957,4.772014256618053,31.313558731200455
2000-09-25,20.981456166007547,-0.7351808478949213,5.485315078057365,31.860671098300667
2000-09-26,20.93194432478889,-0.19216718804982325,3.646765742944252,30.699609318018204
2000-09-27,21.633327701237455,1.3657050340941996,5.768854734224355,30.619101246855884
2000-09-28,21.135684550803894,1.4037931572989522,6.605895171331025,30.732926176255166
2000-09-29,21.435398181989243,3.2322339445173434,6.837412209002186,31.198409643686723
2000-09-30,20.822901427563707,4.121712529371831,6.263593242034686,31.010979180199307
2000-10-01,19.064883722287792,2.588115308806872,7.5421984200713945,29.953641726831894
2000-10-02,18.4902827920003,1.513030958157638,6.82377496565717,30.5742747880075
2000-10-03,17.614565702918874,0.5291082473398521,7.89306834599089,31.93997450686924
2000-10-04,19.046434371057405,0.44767519823103674,8.648344556054003,32.25152119738244
2000-10-05,18.330177481169912,-2.0748678497301327,7.838944593882375,30.500473153023986
2000-10-06,16.879308832578932,-0.4068657158718074,7.639424566018412,29.492874515356803
2000-10-07,17.107651993658145,0.39492667407538706,7.960133000655314,28.82589092066914
2000-10-08,17.889270578986874,-0.7835049243908064,7.1069836802858175,30.38509149504064
2000-10-09,16.914959634875267,-1.2660776579251358,6.912958393653206,28.84413254827715
2000-10-10,16.79400823206604,0.23595992509717112,6.591446125352318,28.70451137920505
2000-10-11,16.325316803229732,1.137910728156169,5.002719969688023,30.088694462921758
2000-10-12,17.230014733713443,0.7617559343135187,5.776792033377545,30.61331569869114
2000-10-13,18.03760950396677,1.3394873794036177,6.471303931013901,30.89149107860775
2000-10-14,18.739877070852284,2.2948765673710283,7.702904979376156,31.86833911449896
2000-10-15,19.51018657260836,2.037073561229256,6.735702637637468,33.288388193432226
2000-10-16,20.32059046816981,2.2644158441103723,6.625801210887216,32.78345029405732
2000-10-17,21.010497055336952,3.7196529343688898,7.229942649054794,32.903595544709404
2000-10-18,20.91115682810325,4.336944250364329,6.632617910400519,31.714027785880745
2000-10-19,18.737158038139114,4.3819159162898345,6.993231684734583,32.611245536151365
2000-10-20,18.304126245767854,3.830613937998322,8.293977411009669,33.07665629703856
2000-10-21,17.714378270838694,3.760066127411474,8.471022991501748,31.664304950333094
2000-10-22,17.646980093803514,3.8287343967318894,8.888247721981005,32.445988727131514
2000-10-23,16.36678677716005,3.446463573636004,8.53392203226913,32.12123541932454
2000-10-24,16.969058621555902,2.4935437360004524,7.275298756399888,30.181105892974834
2000-10-25,17.48338179406729,1.3707367633830683,7.552605958789781,29.755591432972295
2000-10-26,16.66557910654862,2.7939825096308164,8.423986191208478,30.213782582533504
2000-10-27,16.840370582180967,1.851316612314923,8.614858099631071,29.613429615811953
2000-10-28,18.225325778057847,2.320454945502015,6.712667931717314,28.186990614532803
2000-10-29,17.666314475815838,2.5539736399474395,6.077342007748096,28.81478066303989
2000-10-30,18.705234875079363,1.894776937328039,5.985558110322011,29.002894849351588
2000-10-31,17.902271580224912,2.4248001815926425,6.034660519075269,31.35577575238984
2000-11-01,19.151641220075682,4.117136340098805,5.628222112194488,31.508733051794156
2000-11-02,19.484731177748692,3.3766706072263384,4.122413323841112,31.48550944559913
2000-11-03,20.182273061903963,4.1416383052149985,3.6602174233867415,30.658960737047376
2000-11-04,21.890568162680196,2.833482976895612,4.334922811913698,32.5294529496957
2000-11-05,20.963926296819427,1.8321254984853659,4.089063539940317,32.26880096289762
2000-11-06,21.830887269450788,2.50826320523894,6.262328616589171,31.410437285193087
2000-11-07,23.087471569967526,1.7993704200207765,6.184219094441438,31.848757652443005
2000-11-08,23.662805903165403,2.2263786939554118,4.452272155835878,31.834942721054638
2000-11-09,22.293948710254984,2.708779207521647,3.7942057295531595,32.36105208600577
2000-11-10,23.5886723720111,4.5452660700488074,3.234260308674491,32.9663709578367
2000-11-11,22.87381565855515,3.8809339687030286,1.984446871342567,34.10610469239292
2000-11-12,22.089607154600117,2.15567117569412,3.0650482399962424,33.91216112987644
2000-11-13,22.33139226183214,3.606714799932039,5.1808397482617075,35.04001266098486
2000-11-14,22.845343115295943,3.2971829218642332,4.974559513001672,36.03263327692474
2000-11-15,23.871659513235404,3.6775451009055873,5.483820331704271,37.1466514379098
2000-11-16,23.863075095128636,2.720293063321689,5.707508346634944,38.56890572335257
2000-11-17,24.280200500817497,2.8402917158179743,5.251548197061091,39.29219003672216
2000-11-18,24.618597057672925,1.9436555620026672,4.174058125519586,39.05116285257233
2000-11-19,24.311873105444725,1.3982976644314105,4.27042592097694,38.609263960898645
2000-11-20,24.728565334625536,1.9750537473906675,4.566849842146827,38.22842725011241
2000-11-21,23.99400818882558,2.6031792224689756,3.543949119330656,37.353329148750944
2000-11-22,24.307048125584274,3.3594659676082035,4.787549346033568,37.095406676366785
2000-11-23,24.057873890042256,3.232453977738832,5.370110225379197,36.35114099673698
2000-11-24,23.13982795531744,3.3230446377426874,5.888812608228955,36.85307872434247
2000-11-25,23.067942156922783,3.9940477549469304,6.1715439106955,37.28662246772331
2000-11-26,22.7709447795385,5.162066258907409,6.2160175973659895,36.99499080808756
2000-11-27,22.00857085760513,5.442675897472049,6.064099008230614,39.67897652403925
2000-11-28,19.41090582598511,7.622698357631544,7.929101034300807,38.64815781644962
2000-11-29,19.454020954388255,7.023244645518053,6.632751972191489,40.51238214468428
2000-11-30,19.242767150410412,7.955199751283607,5.88001387168161,40.7944250084797
2000-12-01,20.847095126045428,8.004203553936938,5.177961122935722,40.38799727769362
2000-12-02,20.397455946863207,7.561779589935123,2.9362651726684663,41.06203963214822
2000-12-03,20.731144793588385,6.487712563656882,2.3670113682163207,40.37351577503207
2000-12-04,20.14364170834167,5.007910469691518,2.1413970449773974,40.507886044471576
2000-12-05,20.032747441705375,4.151225114035495,1.9214409742081897,40.46438881569148
2000-12-06,18.47721311358081,4.199153514710569,2.0166847842648385,40.24501918523846
2000-12-07,19.525381895496068,4.3818034195808755,2.0764199277125273,40.73811386645576
2000-12-08,19.823017497772447,3.652951640129064,2.3010615171881557,40.30591588028071
2000-12-09,20.921718092350346,5.000203226754894,1.944323096218369,39.14529275629077
2000-12-10,20.846873890083014,3.740571574497692,2.9747724302590015,38.43764599852542
2000-12-11,21.64040603143372,5.263673291734224,2.9005281735049757,38.07569854972083
2000-12-12,20.176383011552307,5.060736655714139,3.8373835996783843,35.98458937964926
2000-12-13,20.686343699379627,7.044024375575394,3.2528883744534784,37.26239818237796
2000-12-14,20.889523721861966,7.698045185087033,2.3961237594125215,38.332247943726394
2000-12-15,20.55812918303647,9.085685580321938,3.160264866130502,38.45192713326472
2000-12-16,18.552982717365197,10.183038368072987,2.201157003869455,37.13402838778413
2000-12-17,19.841828838751358,10.440643177415588,4.677421580739383,36.070725027372404
2000-12-18,20.019314505123944,9.622494463317691,4.600028076951932,36.839888572469775
2000-12-19,19.847680977935816,8.035133468717023,6.34905053249471,35.81146380623436
2000-12-20,20.334829255263237,7.175118694568481,6.067798381548923,35.948296155529995
2000-12-21,19.718535519930143,7.091846275634333,5.736810692968618,35.6766987339208
2000-12-22,18.653236705450105,7.373295239078892,5.608294997345174,37.70519430280571
2000-12-23,18.388606785986322,7.20977462841089,6.899580076356562,38.84581518508727
2000-12-24,18.283211776862576,6.625494312426251,6.446578488021835,39.419662701808946
2000-12-25,18.033161111779396,6.089841758196091,7.525743437109057,39.65848495984676
2000-12-26,16.281455436217243,6.502228001070918,6.247167719759932,39.65313311751399
2000-12-27,16.58848273041093,5.911687411122053,5.370615746474655,38.53447820808783
2000-12-28,16.97626853626975,5.085965254911546,3.7398744281095713,37.416113767810835
2000-12-29,16.769820759370322,4.324305344074503,3.440116948596097,37.49189831560248
2000-12-30,15.90881074644991,3.8682707511487733,3.0810720723335905,38.86547037672755
2000-12-31,14.852087728618876,3.1959278623759158,3.2340512517639257,39.13345523397622
2001-01-01,13.60696091934549,3.8263177461424567,2.1385393680960814,40.59532693577036
2001-01-02,14.481794662268957,3.703816869695764,1.5411125387739268,41.307786718442344
2001-01-03,13.909049455873367,3.597095753918932,1.831539694170031,42.20987636696101
2001-01-04,15.078547670339441,3.6337747160305467,2.0748019072916266,42.33569717530202
2001-01-05,15.165921559271672,6.1642487676192115,2.0303771828226718,43.67639635333664
2001-01-06,14.109703299293216,6.138843160957222,1.9669495194918278,41.85668146492375
2001-01-07,14.988447312298877,6.315412982010118,3.2169258574210606,42.11970912829877
2001-01-08,15.10461034436153,6.44653565668022,2.178548485302593,42.60253705828644
2001-01-09,13.877701692253236,9.816323623577794,1.9000067458013605,43.14828427137047
2001-01-10,13.456743729129462,7.5820251217159225,1.8496421312311864,43.47119450762209
2001-01-11,13.993035141129795,8.541509124282552,4.231363233857543,45.17256467848181
2001-01-12,12.863831673877804,8.676552574073108,5.705571923641806,45.07432113496464
2001-01-13,12.026198409415954,8.977644651082704,3.3332262178361494,45.00147363629968
2001-01-14,14.191759149358857,10.239534684583212,4.462981221881451,45.697429605017405
2001-01-15,13.705770157499654,10.51087128652094,2.279082496633544,47.62841732382645
2001-01-16,12.139489390467194,10.787712983279562,0.9073231859692059,49.39553376731573
2001-01-17,11.041919189616149,11.009114848315427,1.306544345945364,49.42295069784925
2001-01-18,11.101236852405332,10.791995197010063,2.3619465682822933,47.963161386357804
2001-01-19,10.32640072616691,10.966237982245397,1.6008439330237807,48.2256111117388
2001-01-20,10.46389831136627,10.912035230768396,1.7789763844103423,48.67893440449242
2001-01-21,10.198296254648918,10.795381149573076,1.624058423525087,49.404269679529975
2001-01-22,9.888358768638318,9.131917476720584,2.5302664146910736,48.91539623287522
2001-01-23,8.667941779740342,8.567594435311808,2.9527644788818677,49.12593994228894
2001-01-24,8.988456639094819,8.786551353607566,2.162969277366229,49.36026960329386
2001-01-25,9.404141102460285,9.489861985130636,0.25614158732466596,50.35203780946477
2001-01-26,8.624070103244119,9.538443460810678,-2.014601056646889,51.2051568875919
2001-01-27,7.713906398781072,8.111557674087075,-3.192403094601805,51.09940605491079
2001-01-28,8.18028365408764,8.387312548953116,-3.8990004630828037,51.78959665271361
2001-01-29,8.480586509760162,8.598583285495655,-3.2778406029530256,51.54592296955991
2001-01-30,9.062534783428296,8.514111740755276,-5.725629694946293,51.9234426230141
2001-01-31,9.86191164531821,10.103760524216034,-5.007313225433437,52.6179282551631
2001-02-01,11.2117639724295,9.986628991489207,-5.383302031430898,53.160760704907865
2001-02-02,12.437800558559255,10.621625257032397,-5.154526891134338,54.34893725441797
2001-02-03,12.047285350670927,10.588122102533086,-7.141215635846482,54.88212236642772
2001-02-04,11.956552234959535,10.224241332162515,-8.362274081224735,55.60728852216197
2001-02-05,11.476647504958757,9.086658417525891,-11.267781067794266,54.760489528294244
2001-02-06,11.63218577285316,8.66177101879536,-11.18788198101672,55.04914571057483
2001-02-07,12.324574438032451,6.90500620742911,-10.160096771659154,54.970553370838346
2001-02-08,11.284227973941942,7.019113843819114,-9.632573381574238,54.91187556921056
2001-02-09,11.967486790047952,6.28250702813949,-10.094296815821478,54.3575484546306
2001-02-10,13.235246613660738,4.651186526339662,-11.99117470177753,57.17975976964922
2001-02-11,13.783235714154879,5.118508331648894,-11.898927925102692,57.69662838279332
2001-02-12,12.99228644982066,5.469716626663756,-12.00013121424056,55.87355165034328
2001-02-13,12.45915983104349,5.129639798447815,-11.656080755965226,55.84623654318335
2001-02-14,12.261536284140186,5.1826243948384025,-11.647404536392804,55.37977880246112
2001-02-15,11.35099056459406,5.00673645769857,-11.024828266259965,53.483957526102444
2001-02-16,10.280397164670507,5.002881698118076,-11.031860496804551,53.13305135460567
2001-02-17,10.085293267808517,5.1292973188800595,-10.562417374799201,55.592233693336766
2001-02-18,8.968627382532357,6.307383248624711,-9.218233152241089,55.15331794946981
2001-02-19,7.4365213132587495,6.571324533677368,-7.836230121421232,55.54743224312869
2001-02-20,8.81944035651199,7.043536544598428,-8.70094179893485,54.68836295267015
2001-02-21,8.008399378290092,7.590125549551884,-8.967107223226183,55.501151317443295
2001-02-22,9.160678817634146,5.678634574375186,-9.739168280320353,56.59962175405638
2001-02-23,10.113753644185525,6.131844398034928,-8.975760775840627,55.08293033794659
2001-02-24,10.54901958873683,5.523195117468477,-9.869639715539197,55.4271982281897
2001-02-25,10.41945707172999,5.2877111750066295,-10.669389717897422,53.31156398830585
2001-02-26,10.379677445402558,3.92501993881326,-10.70372355176959,53.34602819860833
2001-02-27,9.586529341671218,3.3038426257784925,-10.71797193029678,54.34829897621601
2001-02-28,8.76497954789253,3.7292610771832577,-8.68427898273697,55.91541875017554
2001-03-01,9.03435876315174,4.944070388475751,-8.510425623617419,55.12916554050701
2001-03-02,10.607845419530953,5.486900154556508,-9.210987600515733,54.30190848149746
2001-03-03,10.543844265586843,6.308936138020309,-9.813141156474265,52.35742816301755
2001-03-04,11.738037819171229,7.895994089356002,-8.19184617788261,48.70909519568894
2001-03-05,11.26308347691348,8.344810753471792,-9.555091540837267,46.227365490361194
2001-03-06,11.69461483147662,8.7081500794597,-9.845579916245796,45.5021631438312
2001-03-07,12.359980793884347,8.530602118984094,-11.184894983409453,46.637114891733795
2001-03-08,14.105495874313378,8.08949958054274,-9.227725397848092,45.55618994698244
2001-03-09,14.245627616373135,8.095651370250653,-9.301695628902376,45.06484965172866
2001-03-10,13.631180683999714,9.030365893719702,-8.63700184758408,43.55431485558875
2001-03-11,13.689480204869694,7.904001222998129,-9.171120110952755,45.008651000923734
2001-03-12,13.524628855194468,8.713816963358804,-7.7374890062756565,45.46511731239115
2001-03-13,14.188259958901108,9.504966114939398,-9.35481169241604,45.22904169088469
2001-03-14,16.429100051162482,8.39139533158047,-9.919940798383344,45.165974654537344
2001-03-15,15.047780980478745,8.834896443125018,-10.772049152135926,45.11337564084369
2001-03-16,15.11175584022118,7.290777354246918,-10.561868968420697,44.81209242967981
2001-03-17,14.217137185715082,9.405447062724116,-11.389950491733037,44.90842370713683
2001-03-18,16.564597593526965,8.582290812889788,-11.44233400933507,45.52323923475346
2001-03-19,16.93669193680082,7.646068560220536,-11.883371867311615,44.09491330304848
2001-03-20,16.232050571270733,6.700231712145834,-13.786752672008646,43.730506146567954
2001-03-21,14.46758778232688,6.317118532896108,-13.64045310131385,43.38837670158414
2001-03-22,15.398043141060995,6.528201267637663,-14.477954660692049,42.783721651559375
2001-03-23,16.461723251311938,6.244567489500533,-14.030827904986499,44.14077233761916
2001-03-24,15.660206469411468,6.096422685956829,-12.092354343061146,44.45152039681017
2001-03-25,15.00740471851147,7.861292930828851,-10.659583017752476,44.82912343224559
2001-03-26,16.91014452787428,9.69066273584738,-11.895537477416415,44.95553652097459
2001-03-27,17.351491673366347,11.798129745964491,-11.292882934432916,45.63183991555263
2001-03-28,18.53531670766097,11.13437909545656,-11.384364166669833,43.30218053305575
2001-03-29,19.977345437532048,10.926470796539407,-12.310442118745758,43.351462432685985
2001-03-30,19.92651687402427,10.244571580520608,-12.693961239205624,44.51732235738029
2001-03-31,20.760702833478454,10.747819441758205,-13.22664020663848,44.23751990638085
2001-04-01,22.239898960162005,9.265640717628019,-13.36329872720871,44.56477725580077
2001-04-02,22.380990493035466,8.346815828650334,-13.390914919242025,44.827526561424
2001-04-03,19.945706202476657,10.227793440988526,-16.491889619226626,44.35744793203527
2001-04-04,21.38371888839505,9.469691152170343,-15.915413518874283,44.685132838490205
2001-04-05,23.528991806466724,11.795319211958514,-15.547826450668957,42.6354201420907
2001-04-06,24.171554144285434,11.546966481202718,-15.653976117080887,41.711677507831915
2001-04-07,23.676158978448736,11.643428741173462,-15.191164385335348,44.14265549842291
2001-04-08,23.4861145209043,11.950575663935096,-15.421411845981215,43.23752668457679
2001-04-09,23.177108672350215,11.96489880460783,-14.61680343384709,43.961963290846825
2001-04-10,22.620570605025545,13.078442812679585,-15.94306797788963,43.844274977117614
2001-04-11,23.04197965459835,12.698026857332694,-14.865969146846783,42.97382706092581
2001-04-12,24.599253147233306,12.416173636923208,-15.332684720717223,43.39251869531871
2001-04-13,23.990698745561833,12.087961637677079,-17.131503702066617,42.20565776814872
2001-04-14,24.031311250048727,10.75901162083765,-16.548438546326267,40.82497707975586
2001-04-15,23.688896263823324,11.137438492302097,-17.596011652315916,41.566651499254945
2001-04-16,24.353822688207355,10.053559895581774,-17.3927322199001,42.15318195058406
2001-04-17,23.574407601827502,9.74853631437005,-17.979661601756234,41.726687657277175
2001-04-18,25.198063825363512,8.370728992675783,-17.705797274026242,40.113188276070375
2001-04-19,26.21957930143743,6.682432617582817,-18.93194448167292,41.37562637482493
2001-04-20,26.166293859762064,8.05617625779717,-19.218064246202932,41.46359636104164
2001-04-21,26.505046107398563,6.748522964079262,-18.344885101617397,42.165406444290035
2001-04-22,25.990501058011432,7.953139587737934,-18.047314898505164,42.411940990774596
2001-04-23,25.936285818140515,9.430616850600796,-18.76122916314394,42.764331347480514
2001-04-24,27.307896741761105,7.791435308794728,-20.241389229752517,43.006833168762796
2001-04-25,27.035414852626992,6.474933568349867,-19.450350209854545,43.36993161668482
2001-04-26,27.024323698376715,6.447889094273978,-20.24082708156155,43.32570068648824
2001-04-27,25.340690732034012,8.20361617036098,-20.214966165176794,40.97530551597127
2001-04-28,25.665107116939385,8.198666633314774,-20.710084843761656,40.42261971399891
2001-04-29,25.736108018044416,7.370685421062367,-22.15596013103393,41.68925431009237
2001-04-30,25.03734786758296,7.517014230462548,-22.141288433377387,41.207183165764555
2001-05-01,25.70197587321245,8.831746746901219,-21.354942440744125,40.86742400505024
2001-05-02,23.383807891423224,9.671460761308147,-22.818627180618176,41.22564561012029
2001-05-03,23.403700885920333,8.079792525606804,-23.083044827001522,40.47414976513807
2001-05-04,23.2340338522428,8.611259774181091,-22.81705796346836,39.423871018654346
2001-05-05,22.125942061972328,9.381164087789795,-23.914729122760683,38.72577242836369
2001-05-06,21.492671009968095,9.012467881308275,-24.731995416009443,40.05603061886139
2001-05-07,21.219808965146257,8.960614799303814,-23.704970657063917,40.28951441693637
2001-05-08,20.18786025302611,8.996572092398685,-23.923642735189944,41.330247880943254
2001-05-09,17.472027938383924,10.685537797641537,-24.326509094013847,41.540907089006936
2001-05-10,17.324150567173678,10.75217389818629,-22.851114229505995,42.321537203433294
2001-05-11,17.911163738679097,10.911512841868909,-23.645684483438945,43.92543772937017
2001-05-12,19.716341365948626,11.239052057303772,-25.846236883554194,44.750894553868285
2001-05-13,19.066404562927005,11.201982878655913,-26.08282021378089,45.3540863205346
2001-05-14,19.780436335911915,11.247160939015034,-27.077806600559317,45.96347831756156
2001-05-15,20.727258615129934,9.035086871721406,-27.191377366754192,46.06541301930984
2001-05-16,19.680961289990403,9.709637164404494,-27.018359017461695,46.87366770093067
2001-05-17,18.580727277897033,7.883903010261375,-28.369741873155252,47.465619428816176
2001-05-18,18.716067066894322,7.50990969284269,-27.062892132284077,46.46536263936876
2001-05-19,19.62776676951483,7.6851494379998515,-27.494003200638105,45.38373662930475
2001-05-20,20.13171496988244,7.026334238020802,-27.966889336412322,46.07210289385166
2001-05-21,21.359879163414185,5.933960892437257,-28.065555330112897,45.64421768037045
2001-05-22,20.944487740628798,5.966670209760915,-27.98179432425208,45.93526048080955
2001-05-23,22.12136721925409,5.5096041536880955,-28.25625789140848,45.39585225723312
2001-05-24,22.238788582285494,5.862256671343739,-26.729772126295078,46.03499314940582
2001-05-25,20.82331057252372,5.098060981825955,-27.321915434992075,46.58112710526648
2001-05-26,19.462220738305362,5.28462078748,-28.82314130605593,46.12406831323207
2001-05-27,20.96634555453562,4.890742263553764,-28.333399952287394,44.399036611165805
2001-05-28,20.42283394792341,5.581220180709327,-27.636715541867403,42.706612530413736
2001-05-29,21.046812865991537,6.427053739644458,-26.211131942249178,43.48877732196835
2001-05-30,19.04015427211869,4.449260622530263,-25.09680287668103,44.09114358903565
2001-05-31,20.18270311551394,5.369831993736323,-26.226358248032184,44.16352342374416
2001-06-01,20.721870721041824,6.485293095674344,-28.669167624256612,42.85406890004021
2001-06-02,19.158678385976774,5.02782796161079,-27.891431413554972,42.15037706984894
2001-06-03,18.837649986939038,4.743112157224487,-26.910502114072138,41.61644677033829
2001-06-04,18.06690053957203,6.937658759426556,-25.46878321520672,42.677710377471875
2001-06-05,17.110303161755187,6.249800181881591,-24.679560631985616,43.10937644139301
2001-06-06,17.498160370778063,5.603471343157182,-25.724784546923765,42.32148830333782
2001-06-07,16.082637522182658,6.027392318115221,-25.863248043750588,42.87222280969491
2001-06-08,17.560727872461946,6.1294140370637376,-24.921883617348666,43.24119633229336
2001-06-09,15.19133778589103,6.202564801065683,-25.33089977519619,43.388728301735476
2001-06-10,16.424767173880475,5.5960279744065415,-24.36938225086717,43.36357682743254
2001-06-11,17.61829776836872,6.730837079972285,-23.933827638908294,44.18502250914885
2001-06-12,18.61514039265285,5.382298275268038,-24.851134117988405,44.68016709386313
2001-06-13,18.729896449017133,3.7171377758611444,-23.37130816859267,45.836543912506244
2001-06-14,20.411635518253572,2.3827276006254796,-22.571206597061142,45.58508167494317
2001-06-15,22.090823679047503,2.522574284841326,-22.599955612249566,44.802667220327706
2001-06-16,21.709980005689403,2.3008611011552897,-22.32819798682239,45.534906211180704
2001-06-17,21.956058491792245,1.4594437830358808,-22.23459195149054,44.35111272201956
2001-06-18,21.413822629476446,1.8367806960078703,-22.800297549773628,45.83895298683513
2001-06-19,22.038271801439947,2.7248494931817824,-23.215362016092254,44.72274440939389
2001-06-20,22.981822071571365,1.9383227027231942,-23.948373053518758,45.138861469318186
2001-06-21,24.13128290272711,1.3276214922897054,-23.84564998132382,47.28665452185644
2001-06-22,24.247291074764306,2.0836697108260234,-23.490799696556778,47.40960588637952
2001-06-23,23.916884990452633,3.3308669654874885,-22.741290772220616,46.27072660557938
2001-06-24,25.392090962124147,1.6172888548060456,-23.355099771580544,46.41520543998447
2001-06-25,24.740129730508183,1.7698629318652859,-22.092318811904832,45.20257150538137
2001-06-26,23.95191567586743,0.9598682798166205,-21.82604205753917,47.22900572997708
2001-06-27,24.499548232662487,0.17974364152651234,-22.086412634528134,47.723885097650424
2001-06-28,24.353862652445144,0.9540386858910511,-24.568257123064292,47.66402789514634
2001-06-29,24.71259704599822,0.09424917388717757,-25.329394457278646,47.244587269755236
2001-06-30,25.967384081822228,0.010080221806551215,-24.041000817061857,46.917340526514764
2001-07-01,25.21696812382108,0.370680956916673,-23.731846788473796,45.24206831675926
2001-07-02,26.275075391517834,1.5997442274211755,-23.946873135752575,46.338338989508706
2001-07-03,25.469506842207046,-0.4725262491170228,-24.437544149278303,47.446515468181786
2001-07-04,24.870438885131357,-1.479250297320919,-23.298920439080312,48.27861401377709
2001-07-05,24.946354900379216,-0.43898256904827515,-25.00164826711242,48.52768766086366
2001-07-06,24.77361217915629,0.6042403488849106,-23.294860245075387,47.43035865557386
2001-07-07,23.805046712032066,-0.7812294706869418,-23.477822561450257,46.11116871002719
2001-07-08,25.351233744260526,0.35365048242510166,-25.201269477819395,45.581095131201714
2001-07-09,25.152350164074136,-0.3683529297130007,-24.900986314669773,45.75168999713874
2001-07-10,25.358160639188366,-0.41942481845529045,-25.174352947070016,43.728581929933114
2001-07-11,25.61549175294802,-0.08750091780064145,-25.524615650730265,43.69504986794384
2001-07-12,24.936563580003533,-1.6946448417130942,-26.206106542079596,41.615862884071014
2001-07-13,25.053709396023716,-0.7803672397301107,-27.16415313826497,42.33575029322701
2001-07-14,24.069284873774535,-2.6480634660505658,-27.543857108395386,41.800947819047856
2001-07-15,22.570543002070302,-2.274859140133057,-28.662723717019805,41.217667925101956
2001-07-16,22.544872683435777,-2.6446936757422836,-28.92459571814516,42.31067815656898
2001-07-17,23.472053960513403,-2.9377137229459755,-29.83614369002449,42.87176963076088
2001-07-18,23.156526143229893,-3.2587416161861165,-29.792465618323522,44.93039000607301
2001-07-19,25.68590768625649,-1.8670328477141644,-29.465562893908295,43.7955737052037
2001-07-20,26.518889082167053,-0.7574594136773363,-30.10081253083234,44.293558151694256
2001-07-21,27.125059413297187,-0.8269109318926876,-30.218334292585553,43.695312918058384
2001-07-22,26.879533009557242,-0.9813646590226499,-29.927762923477083,44.492351635568376
2001-07-23,27.207210038956234,0.31819401320756735,-29.840101961136664,46.19516864310115
2001-07-24,26.519057320681735,1.0603251130796583,-29.913291310991674,45.35920910454177
2001-07-25,27.375553840142242,0.9953457194164393,-29.275296516978763,46.135973774410516
2001-07-26,29.376192953239887,1.0393049173717555,-29.572366914977263,46.08102269935979
2001-07-27,30.523761837447438,0.6869907738107237,-29.797661047285676,46.775229836406034
2001-07-28,29.59519429013008,1.9431214997342734,-30.540885452643362,47.785004897563496
2001-07-29,30.081296560151888,3.0784444198507757,-29.920138601069883,47.221267781679025
2001-07-30,28.19533240968565,2.0198333781448388,-30.488889707599764,49.54907630891646
2001-07-31,28.550307040725908,1.226939479824014,-29.47718211291495,47.89227210935614
2001-08-01,27.887337939220238,1.3965485060873932,-32.07772041688375,48.5621627659767
2001-08-02,27.774757687449586,2.4022009489622462,-30.81022201408748,46.63307880484444
2001-08-03,27.588374910916603,1.662338568326291,-31.165987408277,46.30244464742526
2001-08-04,29.066007378828857,0.7835114690601953,-31.786182961824743,47.37433007370946
2001-08-05,30.21885851263319,1.219495313664374,-32.08484865447723,48.5977473579194
2001-08-06,29.379856590932036,-0.23766399977370778,-31.412731224995316,48.91219091626724
2001-08-07,29.26510320357208,-0.944202798445534,-31.876122637822647,49.886506279097695
2001-08-08,28.083089782794104,-1.7743011867528826,-32.14725886974393,49.330019962329985
2001-08-09,29.14656480676605,-2.773626534027523,-31.01095269264432,50.04140918136505
2001-08-10,29.379647792881133,-2.44174982025595,-30.08505040425035,48.00825128347393
2001-08-11,28.04202426532297,-2.4797311420260595,-29.981436141830812,49.79703753661266
2001-08-12,26.288486708214773,-2.798208812394489,-30.2368687377868,51.38865222260601
2001-08-13,25.882410275418707,-2.040006614531482,-29.494126343737314,50.789249503237784
2001-08-14,25.780788961881992,-3.2339482939278943,-28.581744102844695,48.31948906134891
2001-08-15,25.419899559157614,-2.6047230481779993,-28.553078647066116,47.46411860892465
2001-08-16,25.408354323219047,-1.0125969415804064,-28.31970737508518,49.27358755431537
2001-08-17,27.883499016868072,-1.9557905379772489,-27.36127056206448,50.62384391053907
2001-08-18,25.96150597072212,-2.6924339343217563,-26.261803273233227,50.566331161554835
2001-08-19,25.736283552640366,-1.2422104194883683,-28.224561325716802,51.412865290309014
2001-08-20,24.751756747587855,-0.9303491516632377,-27.688692249943205,52.639642574569486
2001-08-21,25.904519400944928,-1.7540430304021268,-28.0075354209832,53.71098820463987
2001-08-22,26.495037796039806,-1.1842649761767223,-28.449360700577714,53.19426513788268
2001-08-23,25.557195999927725,-1.850610173599786,-29.483715925026544,53.75847725359193
2001-08-24,25.369940733784624,-1.606990048190301,-27.725095783598046,52.75413788851634
2001-08-25,26.04836001700689,-0.16745412490902867,-27.69497664673072,52.55379370202045
2001-08-26,25.47077780004672,-0.8544395665343445,-28.11223525676202,53.86246741560625
2001-08-27,25.622233074184717,-0.32246230396155784,-28.89703405409248,53.8250053235203
2001-08-28,24.87267986661787,0.11193766054771609,-29.029614417302458,53.59168711412929
2001-08-29,25.01910722600629,0.3013650274660451,-29.117183958907887,53.31269681632705
2001-08-30,24.325734775683255,-0.544504595732427,-30.073149947391865,51.58943542647893
2001-08-31,24.948799461739743,-1.3715079830751833,-29.19566227757533,50.692482681821026
2001-09-01,23.535007243017883,-0.053302886860779,-28.73821552883356,50.47017797142959
2001-09-02,23.235010459263467,0.26599735052218926,-28.370293051246232,48.44911982763114
2001-09-03,20.985974949542047,1.5671053077531198,-28.73011522594725,49.91045073155834
2001-09-04,21.83599510005529,2.452958308378409,-28.430929739210345,49.068326023738095
2001-09-05,22.73346735743534,1.2896144715224018,-27.973258253325973,50.30286279355958
2001-09-06,22.594787024294593,1.9460322808781845,-27.20557590301257,51.86794925623673
2001-09-07,22.710947259614187,2.2053891205620677,-26.75964255414042,50.755528123674914
2001-09-08,23.110734430274622,2.110670558327703,-26.48010823989818,50.958799580978294
2001-09-09,22.670974062578054,1.9208833332163915,-25.53908173206342,49.51755623925185
2001-09-10,23.39782443518745,1.8148859691107957,-25.643740250124953,49.2234654566699
2001-09-11,23.25936246789322,0.08038074889946789,-24.79638234272655,49.36806462018585
2001-09-12,22.33641033237766,-0.0033570162160995176,-24.296862934240366,49.71990996003337
2001-09-13,20.85575132343025,-0.6110993023687118,-24.49771195938251,49.28139690274039
2001-09-14,21.33320933461768,-0.32702648869131706,-22.95457655249851,48.71450272848139
2001-09-15,21.46898803867808,1.1018468379771522,-22.549202217517557,47.992193838370156
2001-09-16,22.173859220532982,0.15148440817166153,-22.347024997014778,49.01637482088805
2001-09-17,22.26065004949963,2.351718201005263,-23.17441363919211,49.403674879682654
2001-09-18,21.822464279103265,1.8196477716195254,-23.205562956134244,50.92181515667158
2001-09-19,22.803222267582562,1.9622341522130522,-25.173160352499654,49.94662154699192
2001-09-20,22.83494849433118,3.5677486701855017,-23.958300366653642,51.22197449849796
2001-09-21,22.08997186924251,5.286513828204083,-25.004968314902932,52.9333764291529
2001-09-22,23.634635815031274,4.247799851526427,-27.163955816447828,52.50064937594279
2001-09-23,26.017545110006957,5.770072373501651,-27.764412694238803,52.770461127121365
2001-09-24,27.325119844074496,4.655462657238445,-27.39735702120245,51.86979218352338
2001-09-25,28.517971828203343,3.510987976509184,-28.47924272403906,51.56578797434956
2001-09-26,28.91369481110883,5.0958594127838,-28.527791335794067,51.12779763473615
2001-09-27,28.953425872418276,4.616478972593853,-28.350918922798442,52.4713132134883
2001-09-28,28.321403398518687,3.623390302159753,-27.887623271455414,51.79042216170136
2001-09-29,27.531664123961086,3.108954145160878,-30.549741541331542,51.23719662984212
2001-09-30,28.787242193643355,2.5243968659262044,-30.874106440337112,50.71838125092046
2001-10-01,28.736617591709923,3.311615434351664,-28.935129042703107,51.58335631562261
2001-10-02,29.428540784662825,4.286588220306872,-28.624139350881798,51.37435590245877
2001-10-03,29.126338321033582,4.855305969878633,-29.54230477698012,51.62070693371632
2001-10-04,29.22165967468505,4.893829031905864,-28.31842467085349,50.76009025521459
2001-10-05,28.715601397212108,4.996840831217722,-29.689453808766714,50.82874107519484
2001-10-06,27.85274556097506,6.316731106665501,-28.984016965064658,51.973140699049594
2001-10-07,29.49813254705726,6.050539948836313,-28.249334881068176,50.78181864395859
2001-10-08,28.135428265937634,7.711441675916057,-28.715994849430864,51.47346060553486
2001-10-09,29.81219441028379,7.578470452059946,-28.35058940940358,50.91096193724354
2001-10-10,30.908032333321227,7.817315692336166,-30.583998668674674,50.12438292840808
2001-10-11,31.676483340588778,6.68685677565626,-30.64376333250917,50.75356697141332
2001-10-12,30.87542989016993,6.031492080495977,-30.761431411678853,52.28502069747981
2001-10-13,31.130791630578795,6.817710853791364,-29.75761497451931,52.11914746173651
2001-10-14,30.994336405054135,6.5165261106886545,-30.265188957214818,52.92613900105117
2001-10-15,33.151845801510966,5.915181320634335,-31.157606424163752,54.506881753364674
2001-10-16,33.556557939293654,6.7629243410519875,-30.99800034636031,54.50681274366044
2001-10-17,33.169480638515765,8.029849584378564,-29.674278815590522,55.971556386767176
2001-10-18,31.539919155084334,6.604231770744608,-29.799844319708345,54.77815096922168
2001-10-19,30.96011173509738,7.266512394558735,-29.029812507976825,55.51312448546302
2001-10-20,31.174885413488155,7.201686523204117,-29.114646186237042,54.66726700918226
2001-10-21,32.190464329717564,6.017518052582885,-27.91588470853751,52.90975994155134
2001-10-22,30.414051437498397,6.5400751451663215,-29.123053330828537,51.56889044723101
2001-10-23,29.953854051196004,6.003779365107553,-27.745372905988887,52.04757222708934
2001-10-24,29.00707626300855,6.588065336504268,-28.0307119475336,52.594755413847345
2001-10-25,29.011181178679838,5.805819482408315,-27.902603755970237,52.83715953830332
2001-10-26,29.06431429397341,4.6944631288316705,-28.611198039188533,51.67820563529886
2001-10-27,27.68298451086653,6.636094884135657,-28.44106914816518,51.94209045617919
2001-10-28,27.77809163275158,5.21165145274462,-26.87483296430414,53.120676736308695
2001-10-29,26.362979684857972,6.666916962049938,-27.13973172959594,51.68822434321811
2001-10-30,27.204523760975366,6.2500165180553005,-28.543338943341585,52.82196867808967
2001-10-31,25.992139950152946,4.87505941774925,-26.870022252125946,54.703565850873105
2001-11-01,25.38986211242208,5.3238278268895485,-27.035962868342967,56.44705567889434
2001-11-02,27.987071737169046,1.9286147043021789,-26.994997142656935,55.38012339892118
2001-11-03,28.527066616997367,2.130762092245366,-26.566624297339803,55.59366347108232
2001-11-04,27.369165708022646,2.6664435513731144,-25.65627832167041,55.19838602055739
2001-11-05,27.982030801887486,1.7318326984180383,-24.388321727587165,57.673522434624076
2001-11-06,28.887573358400456,0.3148346893449252,-24.428986227842064,57.75878813811164
2001-11-07,29.55008498505634,0.9083911011947599,-24.23835415072939,57.78709112128905
2001-11-08,30.352866227509384,-0.09508530372771418,-23.549251215691218,57.10711713628614
2001-11-09,31.6885361970442,1.3358244264948693,-23.433440844473296,58.37900250516269
2001-11-10,31.664468435173777,1.2862000719962476,-23.048834842368127,58.335461842508465
2001-11-11,29.291454026768083,1.1897699704706988,-25.623692391294128,57.732389052802304
2001-11-12,30.09221666298556,0.05137562412506291,-23.978968071283187,57.69062401201788
2001-11-13,29.0134234521638,0.4635742084724337,-23.48352698177161,57.36923577964972
2001-11-14,28.43032262142725,0.5776295990703587,-23.919880844865396,56.8756791092235
2001-11-15,29.308680195096084,0.7566604024625881,-24.40705788896856,55.87550919514689
2001-11-16,29.760707585468325,2.0154486656095627,-25.357980218477657,56.9897473589485
2001-11-17,30.92432551211069,4.067229562285052,-24.972292370102863,58.24994447744817
2001-11-18,30.581205583121683,3.4823636509567555,-26.054231596370453,56.044620837138005
2001-11-19,29.38890292879759,4.846390074472079,-25.975485748309318,56.056040541727754
2001-11-20,30.19430972059364,4.654337919844844,-25.78540923284772,56.85818280828863
2001-11-21,30.853429363380975,5.239948709878199,-23.924010826119353,58.850497318395426
2001-11-22,30.323561601116126,5.919772608196197,-23.7922352269493,59.53191391454066
2001-11-23,29.46550841412254,5.592742594822356,-22.940827653275118,58.437097194348596
2001-11-24,28.55241110540018,6.349699134763346,-23.31404197553775,57.582754367919605
2001-11-25,30.43937569304609,5.055029490648732,-23.387606959656292,57.264786478018955
2001-11-26,29.448789709783103,5.035917437850068,-23.500921791113353,57.30854524145672
2001-11-27,29.346275338575623,6.460347609477402,-22.569974198802853,57.48647019499083
2001-11-28,30.44240092924141,5.910986982397763,-22.09576154025137,55.537355720736656
2001-11-29,30.549524782330284,7.365752624331581,-20.78916632331789,56.303991300962814
2001-11-30,30.001594748459492,6.660545555250749,-20.830841965199212,56.498099011073066
2001-12-01,29.123785700911796,5.521536831555472,-20.562250104269303,56.2079199212153
2001-12-02,28.121057286505682,5.143752498630553,-20.85447717066585,56.49168321729795
2001-12-03,29.270555415284193,5.712219320826952,-20.054656249740475,57.717900385939515
2001-12-04,28.621162449658254,5.869635246527728,-20.8298597998012,57.95761573426664
2001-12-05,28.24701474531952,5.132427249771979,-18.691430751863944,55.9998794098151
2001-12-06,27.822042657397624,6.490241901915162,-18.69176380328625,55.52006348554197
2001-12-07,28.658108016773653,6.199701976011136,-17.3946034119348,55.63767035776227
2001-12-08,27.337170315704615,5.48190276472475,-15.75578481013483,55.33798355398362
2001-12-09,25.188636465481412,7.096869803958798,-14.177890329480707,56.48499716189107
2001-12-10,24.757154690050204,7.488525288523708,-12.684645047934445,55.25075166307485
2001-12-11,25.05565784350897,7.646372488453219,-12.07957218687412,55.71313965316345
2001-12-12,24.437321082984333,8.221203618342942,-11.0174412232723,54.82862345388027
2001-12-13,23.920729728493093,8.28744601334194,-12.027439945210029,54.939445224601094
2001-12-14,24.15424675192235,7.238618585194761,-12.372754662494952,55.94616315107512
2001-12-15,22.718382881378734,6.593985933836167,-11.736733954985208,56.53999809591562
2001-12-16,23.5330552158142,7.341146832272768,-11.122057233891427,56.52912130531462
2001-12-17,23.369716608993524,7.077861654506074,-10.920083679295498,56.15622976563862
2001-12-18,23.297192769751888,7.3511434518126695,-12.66467157791105,54.494665125311464
2001-12-19,21.8335617665442,7.501147920766979,-11.669949397255559,54.688114754581896
2001-12-20,21.577109458090497,7.603185337790547,-12.794555657861626,54.435122972589326
2001-12-21,19.390787911158448,6.790471125109456,-12.326900327154481,53.689171394659176
2001-12-22,17.869705302405535,8.111129167809931,-11.39758689692276,53.08671546016806
2001-12-23,19.099390024338675,9.136972847408797,-13.262832903962687,54.0347704297325
2001-12-24,17.993801621164092,10.401690987565534,-13.558987310269005,52.333502049132875
2001-12-25,18.64686460024621,9.129014467820026,-12.184948465133168,50.93686031756819
2001-12-26,20.688719456404115,9.104734738297692,-10.523851017725374,50.607653118975726
2001-12-27,20.151561506669882,9.400378188154662,-10.258452907275165,49.892232408204336
2001-12-28,21.119134896229802,11.113074423880462,-10.97969664097123,49.492289968628675
2001-12-29,19.910106676377683,10.055674309459608,-10.3624982400983,49.18598753810214
2001-12-30,20.66389728950645,10.66803177134696,-9.288207011607547,49.652083036317244
2001-12-31,23.152374192132427,9.406549021491017,-9.612137813028902,51.5931055904831
2002-01-01,23.20912174488314,10.415018959600303,-8.813676008420575,50.94883900371543
2002-01-02,21.555735757389492,10.417731467144673,-10.088941001059759,50.07096053727793
2002-01-03,21.522340105195344,9.19744568540857,-10.794034776423956,51.26654195262725
2002-01-04,20.906989658278412,12.197332611048854,-11.802150669925055,51.259832652611095
2002-01-05,20.976118450788785,12.7633595501491,-11.114711359366174,50.023315857820634
2002-01-06,18.758791770592214,15.096560256310774,-10.868377507507583,48.15644338548542
2002-01-07,17.152675040856504,14.875667325003004,-10.791390954792158,47.15127731509454
2002-01-08,18.593755432435202,17.537343116133865,-9.319596489814101,48.81090501480883
2002-01-09,20.467062662653678,17.653687092468026,-8.467219988363244,46.86302773361275
2002-01-10,19.057059653554198,15.988809228439013,-9.168280809502964,45.63835259348127
2002-01-11,19.515566793781808,15.391173533360549,-9.223150697982517,47.42784528595409
2002-01-12,18.661580737924393,15.121408997266746,-8.351353079757917,47.86568218027944
2002-01-13,18.27142897806302,14.679731401523288,-8.85990102192619,45.5958696958074
2002-01-14,19.57016528052075,14.73575993967764,-9.662122002496243,44.80456968250403
2002-01-15,20.476426615347304,13.91906852676895,-9.707929861219794,44.82618646563984
2002-01-16,21.972804891644095,15.789072506375685,-9.205906953151606,44.944894917480084
2002-01-17,20.062887051654407,15.58804742996421,-8.73521442796837,44.92868182308037
2002-01-18,20.663500868375056,16.146606380182533,-9.536233013523649,44.08955407254183
2002-01-19,19.881932129457596,15.87535621550021,-8.367922929358633,43.94345789676715
2002-01-20,18.644755191861766,16.167282531040616,-7.765279672456101,43.49133578846467
2002-01-21,20.195210781646928,14.829699361143911,-7.202056033986973,43.948468223656384
2002-01-22,21.188357824116544,13.697188347425309,-5.5967374540894,43.858842266096424
2002-01-23,20.719546467740457,12.9242126594649,-5.480227427480658,44.768434164161306
2002-01-24,20.28578409685512,13.536536330324783,-5.854901635445198,44.343880211009385
2002-01-25,20.15479031871043,14.09212133620215,-4.7089747889411955,44.35581826611191
2002-01-26,19.873363435311372,14.349809001494659,-3.456091895895949,42.74116680072201
2002-01-27,21.152998484387442,13.958869423284586,-2.9213900274167646,41.148550796457556
2002-01-28,21.80047189697131,15.431954494197957,-3.7983233010112065,39.547288747377436
2002-01-29,21.045556289350248,15.008215948182475,-4.868402739038809,37.26778648591597
2002-01-30,20.41835667836871,15.908569023811648,-2.968334298264984,36.62362781398025
2002-01-31,21.690026450360463,14.270452154665776,-1.4170861594672746,37.8298019000253
2002-02-01,19.532460725033783,14.766794428485737,-0.2109276012908461,38.49486642691771
2002-02-02,18.49874272786477,15.68727447883494,-0.5182743664299385,38.060547287334664
2002-02-03,18.143641965840004,14.691450940474011,0.4760549512504435,39.24766294526517
2002-02-04,18.696050983405033,14.309927633478093,-0.3234767014077924,39.88433232549906
2002-02-05,19.60869747899124,13.229142516358957,-1.388677378354316,40.41433857582715
2002-02-06,20.824096834891535,14.317022675740898,-1.7655229509793433,40.78055466842956
2002-02-07,20.55706445099033,14.518093402108986,-2.986175416260994,40.290274028444884
2002-02-08,20.509103772388134,15.551628228103073,-3.680841311947223,40.54609199953072
2002-02-09,18.47293949127979,13.524507248994015,-4.145684382725942,39.66813582213386
2002-02-10,18.47364811251472,14.568278085090506,-1.429376273664388,39.37145081375275
2002-02-11,19.81307395265425,14.2322852377989,-0.6793888047860107,38.589043703983435
2002-02-12,18.314964488853747,13.367469563980038,-0.37629201814062097,38.55024822657722
2002-02-13,18.669548132424257,12.918536212000019,0.26502159914891155,38.50865212052914
2002-02-14,19.076138827790263,12.854656263820313,2.5352540860043664,39.575348906833085
2002-02-15,17.8420864781202,13.905190979718077,3.241308274635686,40.71441263115773
2002-02-16,15.442181011056695,13.396460563998145,1.952889508016089,40.14509595274611
2002-02-17,16.5600804115271,13.469309412905826,2.7414913185910423,40.40312885614655
2002-02-18,16.105009923159383,12.154095462913979,1.6420808252726389,39.48347901437335
2002-02-19,17.407214577077003,11.947494342791565,3.0769120916849877,37.79486247460873
2002-02-20,15.891682486675556,11.56028230262844,3.338131859299533,38.860548500683734
2002-02-21,16.663515315302693,12.436686219005683,4.659898221030868,39.70858248825149
2002-02-22,17.52916895081801,13.703094671734988,5.019704942005165,39.040383061695216
2002-02-23,17.22910942829325,13.97939170483608,3.792774796264006,38.01202530081704
2002-02-24,16.70969886651901,13.393145327516898,3.658789828833429,37.0423150419321
2002-02-25,17.136989302893035,13.750788460426136,3.8616473818630963,37.74691063984586
2002-02-26,18.287413824294248,15.74062819153195,3.714426703017474,36.21765476346026
2002-02-27,18.436375774520354,15.839132146400738,6.503414796926226,36.52031401815506
2002-02-28,16.815092731540783,14.527603639247458,6.7300902374418525,35.54796765552744
2002-03-01,17.45784335795212,13.496561293401518,4.58614397915211,33.92260533093272
2002-03-02,18.650008283638943,14.477176949298016,3.21891943928901,31.893455309220233
2002-03-03,16.44172217473717,12.49546537235219,2.879241038001549,31.848689786895164
2002-03-04,16.863596377454186,13.57429958333161,3.022282814410798,31.34595468435271
2002-03-05,17.81505247547204,15.021758241926479,4.469355369456168,30.927105748439555
2002-03-06,19.193338297560867,15.244734100860454,5.286274512759183,30.57648807479814
2002-03-07,17.056385384651954,13.860937538558849,4.4164139529823006,29.69385746005655
2002-03-08,18.50397076090994,15.228984192972552,4.658578870060115,29.732455991329047
2002-03-09,18.603511259420138,15.22594343987038,6.729063051682397,29.53600891001322
2002-03-10,18.797428238751387,14.889727509584338,6.523742702883265,30.7273307215207
2002-03-11,18.56181447756581,15.182635627087267,6.574554518546798,30.066961968489462
2002-03-12,17.438472650644766,16.61874888463266,5.015861439776336,29.386356164476457
2002-03-13,16.294222438206706,16.6702025140363,5.783455187699377,28.932657983150207
2002-03-14,16.369413893996857,17.661287094968973,6.984609580935615,28.34191421133753
2002-03-15,16.348856576784414,15.998712707945161,7.033243342181965,26.764084030238966
2002-03-16,14.88069504671167,16.71059320076904,7.735261760256342,27.548107698082028
2002-03-17,15.480746988528109,17.65553587785523,8.025198788197091,27.170487390069074
2002-03-18,15.206834750686674,19.87596433857968,8.129904603486974,26.154214074194236
2002-03-19,15.111755710870717,18.01130369802301,8.389417097350924,25.79710961337501
2002-03-20,16.758346874510096,18.0297751563973,8.614758168306084,27.294872152020442
2002-03-21,18.06457040082465,17.940393616906437,8.660647778848801,27.81311530062173
2002-03-22,18.814996419711807,18.162285865386472,8.250030234393574,28.07344099093234
2002-03-23,18.702394256587283,19.266429791431044,8.310725699417292,27.733409757232415
2002-03-24,19.40101337966738,18.132133640369204,7.3330612937850645,28.499077275487874
2002-03-25,18.360455287198455,17.75296615456869,6.64586760317011,29.025260934872833
2002-03-26,18.004662216906944,17.354352328138997,6.932621279326202,29.3842993152632
2002-03-27,17.263148359683473,17.18396018011115,7.315669333323455,30.342833627485472
2002-03-28,17.904575182893982,17.144690036637,6.320151167683951,28.417221328038625
2002-03-29,19.642548441603946,17.86291745804608,5.519308999342549,28.950938624221543
2002-03-30,18.431756377713622,18.32830153956214,6.572758131089785,29.82945828804068
2002-03-31,19.896518130630184,18.325197074131545,8.554969933907156,29.860038575126296
2002-04-01,19.602428085954017,18.774406373540536,6.80799928173632,27.704973491953517
2002-04-02,17.934533119497175,19.268892283916124,5.980271843870492,28.69787685983238
2002-04-03,18.76250729644799,21.4698069382407,5.790381533209571,28.512668449075
2002-04-04,18.41961421890603,19.941651548020037,3.737402752361673,30.224377516006808
2002-04-05,18.94311919678464,19.012628330989322,5.220040447464807,31.08664852256715
2002-04-06,17.93840329288564,19.054128556004727,5.179936215134346,30.60870191170338
2002-04-07,17.619410460953535,19.039879175690317,5.8950996528180255,31.395120885506714
2002-04-08,17.9732007373503,21.153719502802673,7.1526584853453095,32.0013657330252
2002-04-09,18.229193303827103,21.878733630686487,6.568911284525453,32.60859156059303
2002-04-10,18.28833886516309,21.904362056632127,4.592790494769497,32.0402937848333
2002-04-11,17.431378308617962,22.292015764491065,4.947361841229886,31.775915532694995
2002-04-12,18.997910824443334,21.73555576100681,5.173739312239744,30.433652379695538
2002-04-13,18.064832380966003,20.82002935781013,2.8649227521326357,31.76393212023157
2002-04-14,18.4713684104613,19.696400848951917,4.861073075866919,31.26303280616821
2002-04-15,19.64214139116216,18.357405756605345,4.304484913360386,31.37604583783779
2002-04-16,19.20113005212748,18.1694253451251,3.289323682936348,31.123882465392214
2002-04-17,20.405705097808628,17.431597965665578,3.150594386276112,31.38681931466418
2002-04-18,20.442468481798794,17.965416651843675,3.0134338531165423,29.88870257356668
2002-04-19,18.272243168797043,16.689455140685155,3.503807286963311,30.92803965824494
2002-04-20,18.1172393985102,15.872321867369102,2.720143096180185,29.859527805687126
2002-04-21,18.11305666899936,15.914620624398562,2.1198358875649292,28.912116016536867
2002-04-22,17.363255235102173,16.423794483249512,1.3259115566099793,28.37767433217908
2002-04-23,15.61894956388626,18.060682898712255,-0.22323274624134704,28.693581752953488
2002-04-24,16.05242759389951,18.52561018089791,1.3600028793832268,28.75621181515212
2002-04-25,17.110410949286617,20.14487029178508,2.011474497161376,28.683705532407288
2002-04-26,17.587016315528786,20.812010485020824,1.2326074647044163,27.984706040716397
2002-04-27,17.876496282538206,22.377091381071498,1.3451870299348818,27.20655848836876
2002-04-28,16.65237303327952,23.431235125821743,3.1935559097603776,28.447435252297097
2002-04-29,16.397148792036862,25.40652919031212,3.3754884572754715,28.76676118494946
2002-04-30,15.33565708929284,24.56008099022969,5.245849573500461,28.802298868785517
2002-05-01,14.83639072542305,22.90674173813398,6.281332245831328,29.156331422043163
2002-05-02,14.439689330715602,21.65930131223007,5.847414667867659,30.230323182235317
2002-05-03,13.831258958020898,23.211886224820475,5.625019660369844,31.885647737021266
2002-05-04,14.140056517525373,22.50666947371791,3.671185267755674,31.867543784282706
2002-05-05,14.477200187767888,22.66324106489694,2.477633449699897,32.89420746138904
2002-05-06,13.603294744910842,24.498739665570934,0.8968393888699988,33.173804881336004
2002-05-07,15.292054620733271,24.124912739835462,1.3076851104728366,30.382213649060564
2002-05-08,14.770513169004833,25.557119479849877,1.0181754483574403,29.585453237561666
2002-05-09,16.013275547790723,25.225746732213196,1.7146939706741933,29.28280772443737
2002-05-10,14.624417517024455,25.364562499913728,1.902088882739942,29.7733239405897
2002-05-11,15.574584783118446,24.50431660906359,2.5563913283003954,28.737685947182047
2002-05-12,13.146969003165754,23.71424482361406,1.796370692744727,29.820592761235392
2002-05-13,12.269187445006382,23.09767667188284,1.1185804790526905,29.837431587772695
2002-05-14,12.241043823198275,22.501951013164593,1.8928911158474258,29.568863195928017
2002-05-15,13.418990018704898,23.679386181413676,2.3769020003452597,29.64607165232002
2002-05-16,15.649995433732498,23.396191938775846,1.6167662503287192,30.743027392191454
2002-05-17,15.745466009385991,22.61715417846292,1.9948789513081482,29.84876204233506
2002-05-18,17.322506179660035,23.32331006689228,2.308734968768653,30.46626789819082
2002-05-19,20.276230539732563,24.588795984352423,2.8118847606905044,31.725697887209595
2002-05-20,18.115075666496317,24.915287902311714,2.794656040993762,32.18126456542498
2002-05-21,19.161569865354565,24.383157587574733,2.202450009004452,32.641303085523404
2002-05-22,18.212438487888633,26.466589663921585,2.154794929268771,34.47322323114178
2002-05-23,18.172727317007894,28.485549039530547,3.1757342937771464,34.39852861159807
2002-05-24,16.15945836977582,29.69381373938377,4.894442438067815,35.375818801062366
2002-05-25,16.37080522003282,27.742099516066787,4.8089181969427575,36.63031833635896
2002-05-26,16.215758681614258,28.942482399228325,5.912168197924334,35.950858730591996
2002-05-27,17.127211995489773,30.213426047166703,4.438529906494982,34.996600169213536
2002-05-28,16.92784844222196,30.86207594133482,4.4306474146005215,35.999476197379494
2002-05-29,17.680569637269,30.45444193868762,5.2960480627273165,35.02300617587721
2002-05-30,17.48770287731435,30.962027964371007,7.3763045300195085,33.48382903252112
2002-05-31,18.948232055150783,28.919500862153114,6.29544394722362,33.52354443122295
2002-06-01,19.495254570216975,28.7804402161089,5.7531922014460815,31.657017844349806
2002-06-02,19.279946874271474,28.244747705383766,5.243007560921698,32.68814729330463
2002-06-03,19.577710490842865,28.20079636484676,5.03161558093543,30.296742612909156
2002-06-04,16.880170720772412,28.040945466404235,5.132785565997924,30.961427811176804
2002-06-05,14.550580243024253,27.35627601318443,5.90071225315849,31.39154483724091
2002-06-06,14.508601934084533,24.279491324749866,4.110422391402846,30.896137370720577
2002-06-07,12.424628051792588,21.914868072776535,4.12279417149137,30.38903870084244
2002-06-08,11.95997759373167,20.49815129730312,5.333080839641482,29.86098045691936
2002-06-09,12.021036279615245,19.564970026115816,5.4198532742747485,30.823895240148772
2002-06-10,12.409451943761772,19.630536348814346,5.358423767106695,31.84000171727729
2002-06-11,12.727965495522222,20.110696064850025,4.843270301792534,31.817949606914524
2002-06-12,11.629802258408178,20.60537310881374,5.619049062685888,30.29054985815093
2002-06-13,12.653474905018115,21.48926990842366,5.199568121938737,30.708713088680756
2002-06-14,12.140675103434672,20.515870807177667,4.621618787134679,30.224775794343728
2002-06-15,10.970031565753528,19.89732365968085,5.072726590423582,30.375923438184692
2002-06-16,9.284720688762848,19.33408479303632,4.497407441323134,31.750575252057523
2002-06-17,9.649845434188473,20.312488993404216,4.4184762889769456,32.58026946724331
2002-06-18,9.172032725892077,19.808550424898918,3.198406119115279,32.12737247573531
2002-06-19,8.968315855165713,19.20286304738366,3.565562651928104,33.207337985920816
2002-06-20,10.141987816996885,18.556704885610994,2.412919285924918,33.68615564383072
2002-06-21,10.518752020644087,18.66014510657742,3.0203613908124884,34.28907897116794
2002-06-22,11.82185392617402,20.757029054727187,3.0807370677432706,32.55979902171187
2002-06-23,11.889576522789556,21.760350303320877,3.7117147999236093,30.996325013384812
2002-06-24,11.379262345439303,19.925750172010524,4.786784838332354,32.49446469547915
2002-06-25,11.741147701736137,21.38181228729782,5.4798152399354425,31.213738797087906
2002-06-26,12.313691004507195,22.33546869099561,6.7774979738540075,32.44508401715489
2002-06-27,12.419661727515148,20.801165660406088,6.149225636392705,35.152086585475864
2002-06-28,10.789863300948213,21.39709951712801,6.7235845255998115,34.05593002531153
2002-06-29,11.13912881701415,20.983579219665938,6.525002235733332,33.63458176885843
2002-06-30,11.551682567606838,21.40783603822301,5.168384955281132,34.747223316618026
2002-07-01,12.234913884937363,21.368801493862044,4.0746339507710605,35.316942310662164
2002-07-02,12.017684584551779,22.238734967248625,3.441440294713576,35.08248716232305
2002-07-03,10.824386371960157,19.909244024612892,2.1194152623511258,33.973681577595706
2002-07-04,9.620326291714584,19.529663546275483,3.5057356815810694,33.69398500312041
2002-07-05,10.307611169561804,17.911473318271867,3.8597449458802764,34.65610967927105
2002-07-06,11.193889742463007,16.818950108960824,3.28881170545386,35.725948424029
2002-07-07,12.264866285203421,16.833978368539128,3.6834553484949626,35.501781395693115
2002-07-08,11.047187560535722,14.70356164638707,4.119509980437416,36.2393819262937
2002-07-09,12.177269544295958,15.225187964856076,3.165080097699083,37.49768429786029
2002-07-10,11.708822700183232,15.393909283498077,3.907916783061898,38.85343006276273
2002-07-11,12.63027852788661,15.746035167610705,3.2584109434940154,38.57462623046949
2002-07-12,12.568377098920859,15.047492558865718,5.153884602651388,38.125678831234765
2002-07-13,12.832669609156888,13.926555282616475,4.6792466241418005,37.55562518683736
2002-07-14,11.412619190839195,13.291838208059135,3.376392014891575,38.99138736810077
2002-07-15,12.503764600938736,12.372572784652347,3.121140536939285,38.07379486654749
2002-07-16,14.609056858607087,11.000574766384236,4.423376655030741,37.67423771840259
2002-07-17,13.732832515402077,11.52313436774959,3.3829606283030795,39.00363423960539
2002-07-18,13.069423025271192,12.11874242951568,3.0566825180943282,38.23509054765184
2002-07-19,12.352247280315849,10.430550683801581,2.7029601382667425,39.01466456376147
2002-07-20,12.119704765466942,10.696063468454764,3.9277578162887297,39.284325756970375
2002-07-21,13.367213473730448,10.817455771164335,3.0529319669870034,39.01581239290992
2002-07-22,12.570341622354762,12.41038027242708,3.582767970664909,40.30654833103578
2002-07-23,12.403779591087073,13.103725797806897,1.7877003672679261,39.857320888760604
2002-07-24,12.605564352349155,14.081488798192316,1.0569154971265815,39.18044625997828
2002-07-25,12.243034564826207,15.43400208613947,1.2925511152154951,38.009792274960866
2002-07-26,12.77153310825221,14.79054654233427,0.5852426556405849,38.24358629122517
2002-07-27,11.110945024860422,16.197313435379844,-0.11176814948761693,38.87023793652542
2002-07-28,10.798282210285832,16.723754621512782,1.206692036738111,37.93288261817916
2002-07-29,11.487217304369267,15.66189740835232,2.4008896880980597,37.82552207071222
2002-07-30,11.442665689168983,16.02685136464309,2.9277871677784413,39.22831867305319
2002-07-31,11.487994154688996,16.008004008081674,3.706550468487822,40.23881081249719
2002-08-01,12.701163945709395,16.113491443318047,4.68291933771037,40.73064162914365
2002-08-02,11.520234761513558,16.44144758286103,3.5438125984902413,39.971476269898666
2002-08-03,11.53756425525625,15.491205644491767,3.483949124296233,40.82401873917016
2002-08-04,11.72950233727596,15.240033802836034,2.3983980271386947,42.61415182685131
2002-08-05,12.14610931298177,16.02483456140048,3.8541678109377844,41.152685254427716
2002-08-06,11.543268569048438,17.8280457511283,4.917414067183865,40.29320777769558
2002-08-07,11.681955905916174,16.792560123030274,5.891564580387623,39.754749576036104
2002-08-08,10.467543860284648,17.812549896606836,5.3592936506604545,38.738131893957
2002-08-09,11.129616562280772,18.102590588197415,3.7297863799472495,38.79020696049229
2002-08-10,10.532500355859296,17.02172083019298,2.3558823716719246,39.826513722832985
2002-08-11,11.951776246246745,16.423416803951284,5.091393939323385,40.26004229476509
2002-08-12,11.868886482153236,16.497934868031003,6.285218818334473,39.75011281132466
2002-08-13,11.629538288282001,17.372981744159176,5.613002911707825,40.21720919558954
2002-08-14,9.638122628094905,18.40136445553812,4.851487223043905,39.86623086030977
2002-08-15,10.583107486257651,18.369894726269372,4.5490314275270265,39.24356157608547
2002-08-16,11.666732851326739,17.903150378003676,4.734140988393598,38.58224338885092
2002-08-17,12.244272546815338,18.88078572861344,5.1825569508377365,40.36636694506477
2002-08-18,10.832072867038605,18.25257249868908,4.7732281803117385,40.38358169487121
2002-08-19,11.926840708484162,18.57200758461773,5.202119399150801,40.809603870693344
2002-08-20,10.167505878621466,17.889054056752478,5.587183053310461,40.48189149272982
2002-08-21,10.684975573182477,18.08019287904542,5.347589324228112,40.239612865187034
2002-08-22,11.847509592646679,19.113374171271907,5.478478896315705,39.940615469339406
2002-08-23,10.327678333414813,19.25863109556553,4.736069347679151,40.07200973669632
2002-08-24,9.70030482415208,18.98589132720357,5.22756474136803,40.378176267510916
2002-08-25,9.355427176066586,19.62963464415081,4.689024615174326,39.58070555460507
2002-08-26,9.351130499524782,20.139756106066738,4.788787585747961,37.26580091102126
2002-08-27,9.992962852551129,19.031845151753632,4.357743147352619,38.68550224181984
2002-08-28,9.955368753982725,19.36832372692156,4.472980695123832,39.74888108472467
2002-08-29,11.547955106470422,19.886657364548107,2.7968669365359475,38.79461657488132
2002-08-30,12.003765836576681,18.350500665264047,3.7455297191615995,39.504042064743466
2002-08-31,9.941166312165725,17.892529191127103,2.32928496399476,39.8571346211186
2002-09-01,10.740779245021004,18.359424251454996,2.812612188612605,40.91621560355895
2002-09-02,10.179786911874567,18.222063513020935,4.503894626438473,42.297304297941736
2002-09-03,10.40776656180375,17.406902399603705,4.102997884100094,42.091710349859746
2002-09-04,10.269497595459704,16.2488735496766,5.640628579021246,42.71295033855376
2002-09-05,10.540029777209229,15.652941815149584,6.163693125199953,42.58013165773172
2002-09-06,10.423324220927695,14.752649803702266,4.449007119529762,41.65475383092993
2002-09-07,10.81942585893751,13.934956269281484,4.296432461106121,41.36942002776202
2002-09-08,10.227795345624788,13.928427770733785,5.6918942920767925,42.151581197214526
2002-09-09,8.812734078742778,14.473182803409905,6.931751076395482,43.95192526094812
2002-09-10,8.24608932411846,14.839334845664437,6.673449359244399,42.45472025589552
2002-09-11,7.780391841929832,15.358862843500567,6.417463047226397,42.02877609895751
2002-09-12,8.197209179030603,15.184499282887579,6.151978858626757,41.945130689810355
2002-09-13,7.362414362192546,15.121231469992477,7.90470599218092,43.29530152684141
2002-09-14,7.199256158933102,15.404833470274133,9.204655627791853,42.776748531014434
2002-09-15,6.416395889320754,14.779630080240507,10.126685826930927,42.65753749083
2002-09-16,6.734135905918309,15.357263859610038,9.841503697651424,42.710650033685674
2002-09-17,7.181638902281371,15.40507137058652,10.400880532256743,41.45393684941776
2002-09-18,5.459922839757512,15.24101121536354,9.608073908782492,41.10114301072653
2002-09-19,5.080343918915284,14.656127834190903,9.036368661013546,43.190739153160386
2002-09-20,4.24504418072333,14.275364756556,10.361330933546485,42.959993137952324
2002-09-21,2.8851685088252244,14.029653542236035,10.243016923912723,43.52929104933315
2002-09-22,5.582785218278719,14.29057988331992,9.250855401801903,44.29444441217304
2002-09-23,6.425566740824835,13.263068424592122,10.539296308782577,45.26718379064227
2002-09-24,6.308827743423695,11.75860653160246,10.001473367769833,46.32964415380321
2002-09-25,6.5280574816686014,11.461091028806177,9.352662792187914,46.47940227143755
2002-09-26,6.6555680876027425,11.376291302054339,9.226680799311133,47.594837120338354
